Cites,Authors,Title,Year,Source,Publisher,ArticleURL,CitesURL,Type,DOI,CitesPerYear,Age,FullTextURL
165,"A Bergstr√∂m, DWG Stanton, UH Taron, L Frantz, ...",Grey wolf genomic history reveals a dual ancestry of dogs,2022,Nature,nature.com,https://www.nature.com/articles/s41586-022-04824-9,"https://scholar.google.com/scholar?cites=17383315021673861645&as_sdt=2005&sciodt=0,5&hl=en",HTML,,55,3,https://www.nature.com/articles/s41586-022-04824-9
371,"A Choudhury, S Aron, LR Botigu√©, D Sengupta, ...",High-depth African genomes inform human migration and health,2020,Nature,nature.com,https://www.nature.com/articles/s41586-020-2859-7,"https://scholar.google.com/scholar?cites=17245206875860945494&as_sdt=2005&sciodt=0,5&hl=en",HTML,,74.2,5,https://www.nature.com/articles/s41586-020-2859-7
0,"AM Jacobs, JD Irish, A Cooke, K Anastasiadou, ...",Whole-genome ancestry of an Old Kingdom Egyptian,2025,Nature,pmc.ncbi.nlm.nih.gov,https://pmc.ncbi.nlm.nih.gov/articles/PMC12367555/,,HTML,,0,1,https://pmc.ncbi.nlm.nih.gov/articles/PMC12367555/
21,"AP S√ºmer, H Rougier, V Villalba-Mouco, Y Huang, ...",Earliest modern human genomes constrain timing of Neanderthal admixture,2025,Nature,nature.com,https://www.nature.com/articles/s41586-024-08420-x,"https://scholar.google.com/scholar?cites=11624927311800005409&as_sdt=2005&sciodt=0,5&hl=en",HTML,,21,1,https://www.nature.com/articles/s41586-024-08420-x
186,"C Posth, H Yu, A Ghalichi, H Rougier, I Crevecoeur, ...",Palaeogenomics of upper palaeolithic to neolithic European hunter-gatherers,2023,Nature,nature.com,https://www.nature.com/articles/s41586-023-05726-0,"https://scholar.google.com/scholar?cites=13764498323966289295&as_sdt=2005&sciodt=0,5&hl=en",HTML,,93,2,https://www.nature.com/articles/s41586-023-05726-0
15,"C Rossi, MHS Sinding, VE Mullin, A Scheu, JAM Erven, ...",The genomic natural history of the aurochs,2024,Nature,nature.com,https://www.nature.com/articles/s41586-024-08112-6,"https://scholar.google.com/scholar?cites=1985108433526854416&as_sdt=2005&sciodt=0,5&hl=en",HTML,,15,1,https://www.nature.com/articles/s41586-024-08112-6
71,"CC Liu, D Witonsky, A Gosling, JH Lee, ...",Ancient genomes from the Himalayas illuminate the genetic history of Tibetans and their Tibeto-Burman speaking neighbors,2022,Nature,nature.com,https://www.nature.com/articles/s41467-022-28827-2,"https://scholar.google.com/scholar?cites=16425476568182297361&as_sdt=2005&sciodt=0,5&hl=en",HTML,,23.67,3,https://www.nature.com/articles/s41467-022-28827-2
439,"CC Wang, HY Yeh, AN Popov, HQ Zhang, ...",Genomic insights into the formation of human populations in East Asia,2021,Nature,nature.com,https://www.nature.com/articles/s41586-021-03336-2,"https://scholar.google.com/scholar?cites=12047602313122090778&as_sdt=2005&sciodt=0,5&hl=en",HTML,,109.75,4,https://www.nature.com/articles/s41586-021-03336-2
292,"CC Wang, S Reinhold, A Kalmykov, A Wissgott, ...",Ancient human genome-wide data from a 3000-year interval in the Caucasus corresponds with eco-geographic regions,2019,Nature,nature.com,https://www.nature.com/articles/s41467-018-08220-8,"https://scholar.google.com/scholar?cites=10424341068098304946&as_sdt=2005&sciodt=0,5&hl=en",HTML,,42.83,6,https://www.nature.com/articles/s41467-018-08220-8
158,"DM Fernandes, KA Sirak, H Ringbauer, J Sedig, ...",A genetic history of the pre-contact Caribbean,2021,Nature,nature.com,https://www.nature.com/articles/s41586-020-03053-2,"https://scholar.google.com/scholar?cites=4432562002296616003&as_sdt=2005&sciodt=0,5&hl=en",HTML,,39.5,4,https://www.nature.com/articles/s41586-020-03053-2
45,"E Arciero, SA Dogra, DS Malawsky, ...",Fine-scale population structure and demographic history of British Pakistanis,2021,Nature,nature.com,https://www.nature.com/articles/s41467-021-27394-2,"https://scholar.google.com/scholar?cites=15178639739512814505&as_sdt=2005&sciodt=0,5&hl=en",HTML,,11.25,4,https://www.nature.com/articles/s41467-021-27394-2
4,"G Breton, L Barham, G Mudenda, H Soodyall, ...",BaTwa populations from Zambia retain ancestry of past hunter-gatherer groups,2024,Nature,nature.com,https://www.nature.com/articles/s41467-024-50733-y,"https://scholar.google.com/scholar?cites=10602553966076183355&as_sdt=2005&sciodt=0,5&hl=en",HTML,,4,1,https://www.nature.com/articles/s41467-024-50733-y
1119,"I Lazaridis, D Nadel, G Rollefson, DC Merrett, ...",Genomic insights into the origin of farming in the ancient Near East,2016,Nature,nature.com,https://www.nature.com/articles/nature19310,"https://scholar.google.com/scholar?cites=6279483856800958407&as_sdt=2005&sciodt=0,5&hl=en",HTML,,122.22,9,https://www.nature.com/articles/nature19310
923,"I Mathieson, S Alpaslan-Roodenberg, C Posth, ...",The genomic history of southeastern Europe,2018,Nature,nature.com,https://www.nature.com/articles/nature25778,"https://scholar.google.com/scholar?cites=2486745215249836705&as_sdt=2005&sciodt=0,5&hl=en",HTML,,131.86,7,https://www.nature.com/articles/nature25778
992,"I Olalde, S Brace, ME Allentoft, I Armit, K Kristiansen, ...",The Beaker phenomenon and the genomic transformation of northwest Europe,2018,Nature,nature.com,https://www.nature.com/articles/nature25738,"https://scholar.google.com/scholar?cites=9893916478149766963&as_sdt=2005&sciodt=0,5&hl=en",HTML,,141.71,7,https://www.nature.com/articles/nature25738
411,"JV Moreno-Mayar, BA Potter, L Vinner, M Steinr√ºcken, ...",Terminal Pleistocene Alaskan genome reveals first founding population of Native Americans,2018,Nature,nature.com,https://www.nature.com/articles/nature25173,"https://scholar.google.com/scholar?cites=6663118320756819606&as_sdt=2005&sciodt=0,5&hl=en",HTML,,58.71,7,https://www.nature.com/articles/nature25173
4,"L Liu, M Bosse, HJ Megens, LAF Frantz, YL Lee, ...",Addendum: Genomic analysis on pygmy hog reveals extensive interbreeding during wild boar expansion,2020,Nature,nature.com,https://www.nature.com/articles/s41467-020-20106-2,"https://scholar.google.com/scholar?cites=2647551321228049816&as_sdt=2005&sciodt=0,5&hl=en",HTML,,0.8,5,https://www.nature.com/articles/s41467-020-20106-2
56,"L Liu, M Bosse, HJ Megens, LAF Frantz, YL Lee, ...",Genomic analysis on pygmy hog reveals extensive interbreeding during wild boar expansion,2019,Nature,nature.com,https://www.nature.com/articles/s41467-019-10017-2,"https://scholar.google.com/scholar?cites=12099917122800469980&as_sdt=2005&sciodt=0,5&hl=en",HTML,,9.33,6,https://www.nature.com/articles/s41467-019-10017-2
23,"L Speidel, M Silva, T Booth, B Raffield, K Anastasiadou, ...",High-resolution genomic history of early medieval Europe,2025,Nature,nature.com,https://www.nature.com/articles/s41586-024-08275-2,"https://scholar.google.com/scholar?cites=14438199336953019756&as_sdt=2005&sciodt=0,5&hl=en",HTML,,20,1,https://www.nature.com/articles/s41586-024-08275-2
17,"LM Cassidy, M Russell, M Smith, G Delbarre, ...",Continental influx and pervasive matrilocality in Iron Age Britain,2025,Nature,nature.com,https://www.nature.com/articles/s41586-024-08409-6,"https://scholar.google.com/scholar?cites=14552368899173643547&as_sdt=2005&sciodt=0,5&hl=en",HTML,,17,1,https://www.nature.com/articles/s41586-024-08409-6
268,"M Hajdinjak, F Mafessoni, L Skov, B Vernot, A H√ºbner, ...",Initial Upper Palaeolithic humans in Europe had recent Neanderthal ancestry,2021,Nature,nature.com,https://www.nature.com/articles/s41586-021-03335-3,"https://scholar.google.com/scholar?cites=16611979514842483684&as_sdt=2005&sciodt=0,5&hl=en",HTML,,67,4,https://www.nature.com/articles/s41586-021-03335-3
113,"M Lipson, EA Sawchuk, JC Thompson, J Oppenheimer, ...",Ancient DNA and deep population structure in sub-Saharan African foragers,2022,Nature,nature.com,https://www.nature.com/articles/s41586-022-04430-9,"https://scholar.google.com/scholar?cites=1472014576297996623&as_sdt=2005&sciodt=0,5&hl=en",HTML,,37.67,3,https://www.nature.com/articles/s41586-022-04430-9
180,"M Lipson, I Ribot, S Mallick, N Rohland, I Olalde, ...",Ancient West African foragers in the context of African population history,2020,Nature,nature.com,https://www.nature.com/articles/s41586-020-1929-1,"https://scholar.google.com/scholar?cites=6572315071739819923&as_sdt=2005&sciodt=0,5&hl=en",HTML,,36,5,https://www.nature.com/articles/s41586-020-1929-1
467,"M Sikora, VV Pitulko, VC Sousa, ME Allentoft, L Vinner, ...",The population history of northeastern Siberia since the Pleistocene,2019,Nature,nature.com,https://www.nature.com/articles/s41586-019-1279-z,"https://scholar.google.com/scholar?cites=12441392675695299012&as_sdt=2005&sciodt=0,5&hl=en",HTML,,77.83,6,https://www.nature.com/articles/s41586-019-1279-z
75,"ME Allentoft, M Sikora, A Fischer, KG Sj√∂gren, ...",100 ancient genomes show repeated population turnovers in Neolithic Denmark,2024,Nature,nature.com,https://www.nature.com/articles/s41586-023-06862-3,"https://scholar.google.com/scholar?cites=4298469782130977923&as_sdt=2005&sciodt=0,5&hl=en",HTML,,75,1,https://www.nature.com/articles/s41586-023-06862-3
217,"ME Allentoft, M Sikora, A Refoyo-Mart√≠nez, ...",Population genomics of post-glacial western Eurasia,2024,Nature,nature.com,https://www.nature.com/articles/s41586-023-06865-0,"https://scholar.google.com/scholar?cites=14214937029638431915&as_sdt=2005&sciodt=0,5&hl=en",HTML,,150,1,https://www.nature.com/articles/s41586-023-06865-0
14,"N Nakatsuka, B Holguin, J Sedig, PE Langenwalter, ...",Genetic continuity and change among the Indigenous peoples of California,2023,Nature,nature.com,https://www.nature.com/articles/s41586-023-06771-5,"https://scholar.google.com/scholar?cites=12600319621053340990&as_sdt=2005&sciodt=0,5&hl=en",HTML,,7,2,https://www.nature.com/articles/s41586-023-06771-5
63,"N Nakatsuka, P Luisi, JMB Motti, M Salemme, ...",Ancient genomes in South Patagonia reveal population movements associated with technological shifts and geography,2020,Nature,nature.com,https://www.nature.com/articles/s41467-020-17656-w,"https://scholar.google.com/scholar?cites=9635154799366954332&as_sdt=2005&sciodt=0,5&hl=en",HTML,,12.6,5,https://www.nature.com/articles/s41467-020-17656-w
10,"N Salem, MS van de Loosdrecht, AP S√ºmer, S Vai, ...",Ancient DNA from the Green Sahara reveals ancestral North African lineage,2025,Nature,nature.com,https://www.nature.com/articles/s41586-025-08793-7,"https://scholar.google.com/scholar?cites=10934491808106261733&as_sdt=2005&sciodt=0,5&hl=en",HTML,,10,1,https://www.nature.com/articles/s41586-025-08793-7
5,"OA Higgins, A Modi, C Cannariato, MA Diroma, ...","Life history and ancestry of the late Upper Palaeolithic infant from Grotta delle Mura, Italy",2024,Nature,nature.com,https://www.nature.com/articles/s41467-024-51150-x,"https://scholar.google.com/scholar?cites=15979889557964739181&as_sdt=2005&sciodt=0,5&hl=en",HTML,,5,1,https://www.nature.com/articles/s41467-024-51150-x
244,"P Flegontov, NE Altƒ±nƒ±≈üƒ±k, P Changmai, N Rohland, ...",Palaeo-Eskimo genetic ancestry and the peopling of Chukotka and North America,2019,Nature,nature.com,https://www.nature.com/articles/s41586-019-1251-y,"https://scholar.google.com/scholar?cites=4558182014555565898&as_sdt=2005&sciodt=0,5&hl=en",HTML,,36.83,6,https://www.nature.com/articles/s41586-019-1251-y
49,"P Librado, G Tressi√®res, L Chauvey, A Fages, N Khan, ...",Widespread horse-based mobility arose around 2200 bce in Eurasia,2024,Nature,nature.com,https://www.nature.com/articles/s41586-024-07597-5,"https://scholar.google.com/scholar?cites=10892724067132365303&as_sdt=2005&sciodt=0,5&hl=en",HTML,,49,1,https://www.nature.com/articles/s41586-024-07597-5
12,"RF Balboa, LD Bertola, A Bruniche-Olsen",African bushpigs exhibit porous species boundaries and appeared in Madagascar concurrently with human arrival,2024,Nature,nature.com,https://www.nature.com/articles/s41467-023-44105-1,,PDF,,12,1,https://www.nature.com/articles/s41467-023-44105-1
1,"T Pinotti, MA Adler, R Mermejo, J Bitz-Thorsen, ...",Picuris Pueblo oral history and genomics reveal continuity in US Southwest,2025,Nature,nature.com,https://www.nature.com/articles/s41586-025-08791-9,"https://scholar.google.com/scholar?cites=16061693484352572097&as_sdt=2005&sciodt=0,5&hl=en",HTML,,1,1,https://www.nature.com/articles/s41586-025-08791-9
370,"T Van Der Valk, P Peƒçnerov√°, D D√≠ez-del-Molino, ...",Million-year-old DNA sheds light on the genomic history of mammoths,2021,Nature,nature.com,https://www.nature.com/articles/s41586-021-03224-9,"https://scholar.google.com/scholar?cites=11052024205001268968&as_sdt=2005&sciodt=0,5&hl=en",HTML,,92.5,4,https://www.nature.com/articles/s41586-021-03224-9
198,"TC Lamnidis, K Majander, C Jeong, E Salmela, ...",Ancient Fennoscandian genomes reveal origin and spread of Siberian ancestry in Europe,2018,Nature,nature.com,https://www.nature.com/articles/s41467-018-07483-5,"https://scholar.google.com/scholar?cites=5828325637652733992&as_sdt=2005&sciodt=0,5&hl=en",HTML,,28.29,7,https://www.nature.com/articles/s41467-018-07483-5
24,"TC Zeng, LA Vyazov, A Kim, P Flegontov, K Sirak, ...",Ancient DNA reveals the prehistory of the Uralic and Yeniseian peoples,2025,Nature,nature.com,https://www.nature.com/articles/s41586-025-09189-3,"https://scholar.google.com/scholar?cites=16029929809359279911&as_sdt=2005&sciodt=0,5&hl=en",HTML,,6,1,https://www.nature.com/articles/s41586-025-09189-3
87,"W Yang, N Feiner, C Pinho, GM While, ...",Extensive introgression and mosaic genomes of Mediterranean endemic lizards,2021,Nature,nature.com,https://www.nature.com/articles/s41467-021-22949-9,"https://scholar.google.com/scholar?cites=12320628374070087232&as_sdt=2005&sciodt=0,5&hl=en",HTML,,21.75,4,https://www.nature.com/articles/s41467-021-22949-9
10,"X Liu, L Lin, MHS Sinding, LD Bertola, ...",Introgression and disruption of migration routes have shaped the genetic integrity of wildebeest populations,2024,Nature,nature.com,https://www.nature.com/articles/s41467-024-47015-y,"https://scholar.google.com/scholar?cites=14679508401157808444&as_sdt=2005&sciodt=0,5&hl=en",HTML,,10,1,https://www.nature.com/articles/s41467-024-47015-y
0,"X Wang, C Nursyifa, SG Aninta, G Garcia-Erill, ...",The genetic diversity of Indonesian cattle has been shaped by multiple introductions and adaptive introgression,2025,Nature,nature.com,https://www.nature.com/articles/s41467-025-62692-z,,HTML,,0,1,https://www.nature.com/articles/s41467-025-62692-z
1,"TM LaPolice, MP Williams, CD Huber",Modeling the European Neolithic expansion suggests predominant within-group mating and limited cultural transmission,2025,Nature communications,nature.com,https://www.nature.com/articles/s41467-025-63172-0,,HTML,,0,1,https://www.nature.com/articles/s41467-025-63172-0
219,"C Jeong, O Balanovsky, E Lukianova, ...",The genetic history of admixture across inner Eurasia,2019,Nature ecology & evolution,nature.com,https://www.nature.com/articles/s41559-019-0878-2,"https://scholar.google.com/scholar?cites=14371707998782133393&as_sdt=2005&sciodt=0,5&hl=en",HTML,,35.33,6,https://www.nature.com/articles/s41559-019-0878-2
10,"EA Bennett, O Parasayan, S Prat, S P√©an, ...","Genome sequences of 36,000-to 37,000-year-old modern humans at Buran-Kaya III in Crimea",2023,Nature ecology & evolution,nature.com,https://www.nature.com/articles/s41559-023-02211-9,"https://scholar.google.com/scholar?cites=8258664479393825122&as_sdt=2005&sciodt=0,5&hl=en",HTML,,5,2,https://www.nature.com/articles/s41559-023-02211-9
35,"HM Moots, M Antonio, S Sawyer, JP Spence, ...",A genetic history of continuity and mobility in the Iron Age central Mediterranean,2023,Nature ecology & evolution,nature.com,https://www.nature.com/articles/s41559-023-02143-4,"https://scholar.google.com/scholar?cites=12249836415111356479&as_sdt=2005&sciodt=0,5&hl=en",HTML,,17.5,2,https://www.nature.com/articles/s41559-023-02143-4
116,"RM Gutaker, CL Wei√ü, D Ellis, NL Anglin, ...",The origins and adaptation of European potatoes reconstructed from historical genomes,2019,Nature ecology & evolution,nature.com,https://www.nature.com/articles/s41559-019-0921-3,"https://scholar.google.com/scholar?cites=776104090601406409&as_sdt=2005&sciodt=0,5&hl=en",HTML,,19.33,6,https://www.nature.com/articles/s41559-019-0921-3
359,"S Brace, Y Diekmann, TJ Booth, L van Dorp, ...",Ancient genomes indicate population replacement in Early Neolithic Britain,2019,Nature ecology & evolution,nature.com,https://www.nature.com/articles/s41559-019-0871-9,"https://scholar.google.com/scholar?cites=1654077513454810216&as_sdt=2005&sciodt=0,5&hl=en",HTML,,59.83,6,https://www.nature.com/articles/s41559-019-0871-9
39,"V Villalba-Mouco, MS van de Loosdrecht, ...","A 23,000-year-old southern Iberian individual links human groups that lived in Western Europe before and after the Last Glacial Maximum",2023,Nature ecology & evolution,nature.com,https://www.nature.com/articles/s41559-023-01987-0,"https://scholar.google.com/scholar?cites=14161856461192214504&as_sdt=2005&sciodt=0,5&hl=en",HTML,,19.5,2,https://www.nature.com/articles/s41559-023-01987-0
26,"X Sun, YC Liu, MP Tiunov, DO Gimranov, ...",Ancient DNA reveals genetic admixture in China during tiger evolution,2023,Nature ecology & evolution,nature.com,https://www.nature.com/articles/s41559-023-02185-8,"https://scholar.google.com/scholar?cites=18196599073532545407&as_sdt=2005&sciodt=0,5&hl=en",HTML,,12,2,https://www.nature.com/articles/s41559-023-02185-8
269,"RM Gutaker, SC Groen, ES Bellis, JY Choi, IS Pires, ...",Genomic history and ecology of the geographic spread of rice,2020,Nature plants,nature.com,https://www.nature.com/articles/s41477-020-0659-6,"https://scholar.google.com/scholar?cites=3748042972641129819&as_sdt=2005&sciodt=0,5&hl=en",HTML,,53.8,5,https://www.nature.com/articles/s41477-020-0659-6
103,"X Zhao, Y Guo, L Kang, C Yin, A Bi, D Xu, Z Zhang, ...",Population genomics unravels the Holocene history of bread wheat and its relatives,2023,Nature plants,nature.com,https://www.nature.com/articles/s41477-023-01367-3,"https://scholar.google.com/scholar?cites=754097794929456023&as_sdt=2005&sciodt=0,5&hl=en",HTML,,49,2,https://www.nature.com/articles/s41477-023-01367-3
7,"DF Rider, ACE Wolf, J Murray, A De Flamingh, ...",Genomic analyses correspond with deep persistence of peoples of Blackfoot Confederacy from glacial times,2024,Science,science.org,https://www.science.org/doi/abs/10.1126/sciadv.adl6595,"https://scholar.google.com/scholar?cites=6428194264424812478&as_sdt=2005&sciodt=0,5&hl=en",,10.1126/sciadv.adl6595,7,1,https://www.science.org/doi/full/10.1126/sciadv.adl6595
43,"EF S√∏rensen, RA Harris, L Zhang, M Raveendran, ...",Genome-wide coancestry reveals details of ancient and recent male-driven reticulation in baboons,2023,Science,science.org,https://www.science.org/doi/abs/10.1126/science.abn8153,"https://scholar.google.com/scholar?cites=15203080524887836126&as_sdt=2005&sciodt=0,5&hl=en",,10.1126/science.abn8153,21.5,2,https://www.science.org/doi/full/10.1126/science.abn8153
33,"F Lopes, LR Oliveira, Y Beux, A Kessler, ...",Genomic evidence for homoploid hybrid speciation in a marine mammal apex predator,2023,Science,science.org,https://www.science.org/doi/abs/10.1126/sciadv.adf6601,"https://scholar.google.com/scholar?cites=17167266660806359224&as_sdt=2005&sciodt=0,5&hl=en",,10.1126/sciadv.adf6601,16.5,2,https://www.science.org/doi/full/10.1126/sciadv.adf6601
0,"H Gill, M Seidualy, J Lee, J Lee, H Moon, A Walter, ...",Ancient genomes from eastern Kazakhstan reveal dynamic genetic legacy of Inner Eurasian hunter-gatherers,2025,Science,science.org,https://www.science.org/doi/abs/10.1126/sciadv.adw8219,,,10.1126/sciadv.adw8219,0,1,https://www.science.org/doi/pdf/10.1126/sciadv.adw8219
81,"H Wang, MA Yang, S Wangdue, H Lu, H Chen, L Li, ...",Human genetic history on the Tibetan Plateau in the past 5100 years,2023,Science,science.org,https://www.science.org/doi/abs/10.1126/sciadv.add5582,"https://scholar.google.com/scholar?cites=18048063257212656834&as_sdt=2005&sciodt=0,5&hl=en",,10.1126/sciadv.add5582,40.5,2,https://www.science.org/doi/full/10.1126/sciadv.add5582
15,"J Chen, C Liu, W Li, W Zhang, Y Wang, AG Clark, ...",From sub-Saharan Africa to China: Evolutionary history and adaptation of Drosophila melanogaster revealed by population genomics,2024,Science,science.org,https://www.science.org/doi/abs/10.1126/sciadv.adh3425,"https://scholar.google.com/scholar?cites=4165205837950264250&as_sdt=2005&sciodt=0,5&hl=en",,10.1126/sciadv.adh3425,15,1,https://www.science.org/doi/pdf/10.1126/sciadv.adh3425
89,"JI Meier, MD McGee, DA Marques, S Mwaiko, M Kishe, ...",Cycles of fusion and fission enabled rapid parallel adaptive radiations in African cichlids,2023,Science,science.org,https://www.science.org/doi/abs/10.1126/science.ade2833,"https://scholar.google.com/scholar?cites=3796660385120317087&as_sdt=2005&sciodt=0,5&hl=en",,10.1126/science.ade2833,44.5,2,https://www.science.org/doi/pdf/10.1126/science.ade2833
10,"KG Daly, VE Mullin, AJ Hare, √Å Halpin, V Mattiangeli, ...","Ancient genomics and the origin, dispersal, and development of domestic sheep",2025,Science,science.org,https://www.science.org/doi/abs/10.1126/science.adn2094,"https://scholar.google.com/scholar?cites=4005780513535605271&as_sdt=2005&sciodt=0,5&hl=en",,10.1126/science.adn2094,10,1,https://www.science.org/doi/full/10.1126/science.adn2094
1,"KL Krettek, A Casas-Vargas, A Mas-Sandoval, ...",A 6000-year-long genomic transect from the Bogot√° Altiplano reveals multiple genetic shifts in the demographic history of Colombia,2025,Science,science.org,https://www.science.org/doi/abs/10.1126/sciadv.ads6284,"https://scholar.google.com/scholar?cites=6360321211864052479&as_sdt=2005&sciodt=0,5&hl=en",,10.1126/sciadv.ads6284,1,1,https://www.science.org/doi/pdf/10.1126/sciadv.ads6284
3,"L Saag, O Utevska, S Zadnikov, I Shramko, ...",North Pontic crossroads: Mobility in Ukraine from the Bronze Age to the early modern period,2025,Science,science.org,https://www.science.org/doi/abs/10.1126/sciadv.adr0695,"https://scholar.google.com/scholar?cites=17644625713601371004&as_sdt=2005&sciodt=0,5&hl=en",,10.1126/sciadv.adr0695,3,1,https://www.science.org/doi/pdf/10.1126/sciadv.adr0695?fbclid=IwY2xjawH61FBleHRuA2FlbQIxMQABHbiAjfxxipn3cg2i95KjGuA0ZXxYHHvRY_ucFDny5LcTRQsfs1rpG-etBw_aem_UKcc46cpBCF8h_Bidtmjrw&__cf_chl_tk=BzSpUlxh5qVzOOzkeXvQhqg3USzVdl3Qimk5bwvPupc-1737356549-1.0.1.1-nzArD.leC9HNX4VlT3qCHKF9XjNM1cVTr2DheTVuymI
126,"N Yang, Y Wang, X Liu, M Jin, M Vallebueno-Estrada, ...",Two teosintes made modern maize,2023,Science,science.org,https://www.science.org/doi/abs/10.1126/science.adg8940,"https://scholar.google.com/scholar?cites=7069498466040704503&as_sdt=2005&sciodt=0,5&hl=en",,10.1126/science.adg8940,63,2,https://www.science.org/doi/full/10.1126/science.adg8940
9,"T Wang, MA Yang, Z Zhu, M Ma, H Shi, L Speidel, ...",Prehistoric genomes from Yunnan reveal ancestry related to Tibetans and Austroasiatic speakers,2025,Science,science.org,https://www.science.org/doi/abs/10.1126/science.adq9792,"https://scholar.google.com/scholar?cites=16775581210468593569&as_sdt=2005&sciodt=0,5&hl=en",,10.1126/science.adq9792,9,1,https://www.science.org/doi/full/10.1126/science.adq9792
24,"V Villa-Islas, A Izarraras-Gomez, M Larena, ...",Demographic history and genetic structure in pre-Hispanic Central Mexico,2023,Science,science.org,https://www.science.org/doi/abs/10.1126/science.add6142,"https://scholar.google.com/scholar?cites=15567575398537355071&as_sdt=2005&sciodt=0,5&hl=en",,10.1126/science.add6142,12,2,https://www.science.org/doi/full/10.1126/science.add6142
924,"VM Narasimhan, N Patterson, P Moorjani, N Rohland, ...",The formation of human populations in South and Central Asia,2019,Science,science.org,https://www.science.org/doi/abs/10.1126/science.aat7487,"https://scholar.google.com/scholar?cites=3887574919451596844&as_sdt=2005&sciodt=0,5&hl=en",,10.1126/science.aat7487,134.33,6,https://www.science.org/doi/full/10.1126/science.aat7487
13,"CS Quilodr√°n, J Rio, A Tsoupas, M Currat",Past human expansions shaped the spatial pattern of Neanderthal ancestry,2023,Science Advances,science.org,https://www.science.org/doi/abs/10.1126/sciadv.adg9817,"https://scholar.google.com/scholar?cites=11995374477405737874&as_sdt=2005&sciodt=0,5&hl=en",,10.1126/sciadv.adg9817,6.5,2,https://www.science.org/doi/full/10.1126/sciadv.adg9817
4,"A Heraclides, A Aristodemou, AN Georgiou, ...",Palaeogenomic insights into the origins of early settlers on the island of Cyprus,2024,Scientific Reports,nature.com,https://www.nature.com/articles/s41598-024-60161-z,"https://scholar.google.com/scholar?cites=13021023119846866357&as_sdt=2005&sciodt=0,5&hl=en",HTML,,4,1,https://www.nature.com/articles/s41598-024-60161-z
62,"AG Nikitin, P Stadler, N Kotova, M Teschler-Nicola, ...",Interactions between earliest Linearbandkeramik farmers and central European hunter gatherers at the dawn of European Neolithization,2019,Scientific Reports,nature.com,https://www.nature.com/articles/s41598-019-56029-2,"https://scholar.google.com/scholar?cites=11412069500601248186&as_sdt=2005&sciodt=0,5&hl=en",HTML,,10.33,6,https://www.nature.com/articles/s41598-019-56029-2
1,"F Heinrich, H Simianer, J B√∂lling, H R√∂ckelein, ...",Genomic analysis of three medieval parchments from German monasteries,2025,Scientific Reports,nature.com,https://www.nature.com/articles/s41598-025-86887-y,"https://scholar.google.com/scholar?cites=4552040106775555242&as_sdt=2005&sciodt=0,5&hl=en",HTML,,1,1,https://www.nature.com/articles/s41598-025-86887-y
1,"J Aizpurua-Iraola, E Mar√≠-Cardona, M Barber-Olives, ...",A reduction in effective population size has not relaxed purifying selection in the human population of Eivissa (Balearic Islands),2025,Scientific Reports,nature.com,https://www.nature.com/articles/s41598-024-84271-w,"https://scholar.google.com/scholar?cites=9579310794949843140&as_sdt=2005&sciodt=0,5&hl=en",HTML,,1,1,https://www.nature.com/articles/s41598-024-84271-w
6,"J Kampuansai, R Wongkomonched, W Kutanan, ...",Genetic diversity and ancestry of the Khmuic-speaking ethnic groups in Thailand: a genome-wide perspective,2023,Scientific Reports,nature.com,https://www.nature.com/articles/s41598-023-43060-7,"https://scholar.google.com/scholar?cites=671632079911734079&as_sdt=2005&sciodt=0,5&hl=en",HTML,,3,2,https://www.nature.com/articles/s41598-023-43060-7
7,"K Jaisamut, R Pitiwararom, P Sukawutthiya, ...",Unraveling the mitochondrial phylogenetic landscape of Thailand reveals complex admixture and demographic dynamics,2023,Scientific Reports,nature.com,https://www.nature.com/articles/s41598-023-47762-w,"https://scholar.google.com/scholar?cites=16292683283985434701&as_sdt=2005&sciodt=0,5&hl=en",HTML,,3.5,2,https://www.nature.com/articles/s41598-023-47762-w
61,"K T√§tte, L Pagani, AK Pathak, S K√µks, B Ho Duy, ...",The genetic legacy of continental scale admixture in Indian Austroasiatic speakers,2019,Scientific Reports,nature.com,https://www.nature.com/articles/s41598-019-40399-8,"https://scholar.google.com/scholar?cites=15290185768613613952&as_sdt=2005&sciodt=0,5&hl=en",HTML,,10.17,6,https://www.nature.com/articles/s41598-019-40399-8
20,"L Molinaro, F Montinaro, B Yelmen, D Marnetto, ...",West Asian sources of the Eurasian component in Ethiopians: a reassessment,2019,Scientific Reports,nature.com,https://www.nature.com/articles/s41598-019-55344-y,"https://scholar.google.com/scholar?cites=4774321282176991114&as_sdt=2005&sciodt=0,5&hl=en",HTML,,3.33,6,https://www.nature.com/articles/s41598-019-55344-y
21,"P Changmai, R Pinhasi, M Pietrusewsky, MT Stark, ...",Ancient DNA from Protohistoric Period Cambodia indicates that South Asians admixed with local populations as early as 1st‚Äì3rd centuries CE,2022,Scientific Reports,nature.com,https://www.nature.com/articles/s41598-022-26799-3,"https://scholar.google.com/scholar?cites=2053935153897406275&as_sdt=2005&sciodt=0,5&hl=en",HTML,,7,3,https://www.nature.com/articles/s41598-022-26799-3
3,"P Changmai, Y Phongbunchoo, J Koƒç√≠, P Flegontov",Reanalyzing the genetic history of Kra-Dai speakers from Thailand and new insights into their genetic interactions beyond Mainland Southeast Asia,2023,Scientific Reports,nature.com,https://www.nature.com/articles/s41598-023-35507-8,"https://scholar.google.com/scholar?cites=7793985906697394159&as_sdt=2005&sciodt=0,5&hl=en",HTML,,1.5,2,https://www.nature.com/articles/s41598-023-35507-8
6,"P Deschepper, S Vanbergen, M Virgilio, A Sciarretta, ...","Global invasion history with climate-related allele frequency shifts in the invasive Mediterranean fruit fly (Diptera, Tephritidae: Ceratitis capitata)",2024,Scientific Reports,nature.com,https://www.nature.com/articles/s41598-024-76390-1,"https://scholar.google.com/scholar?cites=11911285639260530117&as_sdt=2005&sciodt=0,5&hl=en",HTML,,6,1,https://www.nature.com/articles/s41598-024-76390-1
3,"S Fujimoto, H Yaguchi, T Myosho, H Aoyama, Y Sato, ...",Population admixtures in medaka inferred by multiple arbitrary amplicon sequencing,2022,Scientific Reports,nature.com,https://www.nature.com/articles/s41598-022-24498-7,"https://scholar.google.com/scholar?cites=10714065567086603164&as_sdt=2005&sciodt=0,5&hl=en",HTML,,1,3,https://www.nature.com/articles/s41598-022-24498-7
16,"S Sarno, R Petrilli, P Abondio, A De Giovanni, ...",Genetic history of Calabrian Greeks reveals ancient events and long term isolation in the Aspromonte area of Southern Italy,2021,Scientific Reports,nature.com,https://www.nature.com/articles/s41598-021-82591-9,"https://scholar.google.com/scholar?cites=2512789272008669735&as_sdt=2005&sciodt=0,5&hl=en",HTML,,4,4,https://www.nature.com/articles/s41598-021-82591-9
4,YB Fu,Flax domesticationprocesses as inferred from genome-wide SNP data,2025,Scientific Reports,nature.com,https://www.nature.com/articles/s41598-025-89498-9,"https://scholar.google.com/scholar?cites=10270977462984547083&as_sdt=2005&sciodt=0,5&hl=en",HTML,,4,1,https://www.nature.com/articles/s41598-025-89498-9